Id,Role,Location,CreatedBy,CreatedOn,ModifiedBy,ModifiedOn,IsActive
1,Admin,HO,System,"10-07-2026 16:12",,"2026-07-10 16:56:15",1
3,User,,System,"10-07-2026 16:12",,NULL,1
4,User,,System,"10-07-2026 16:12",,NULL,1
7,User,,System,"10-07-2026 16:12",,NULL,1
8,User,,System,"10-07-2026 16:12",,NULL,1
9,User,,System,"10-07-2026 16:12",,NULL,1
10,User,,System,"10-07-2026 16:12",,NULL,1
11,User,,System,"10-07-2026 16:12",,NULL,1
12,User,,System,"10-07-2026 16:12",,NULL,1
13,User,,System,"10-07-2026 16:12",,NULL,1
14,User,,System,"10-07-2026 16:12",,NULL,1
15,User,,System,"10-07-2026 16:12",,NULL,1
16,User,,System,"10-07-2026 16:12",,NULL,1
17,User,,System,"10-07-2026 16:12",,NULL,1
18,User,,System,"10-07-2026 16:12",,NULL,1
19,Operator,,System,"10-07-2026 16:12",,NULL,1
20,User,,System,"10-07-2026 16:12",,NULL,1
21,User,,System,"10-07-2026 16:12",,NULL,1
22,User,,System,"10-07-2026 16:12",,NULL,1
23,User,,System,"10-07-2026 16:12",,NULL,1
24,Hod,HO,System,"10-07-2026 16:12",,NULL,1
25,User,,System,"10-07-2026 16:12",,NULL,1
26,Hod,HO,System,"10-07-2026 16:12",,NULL,1
27,User,,System,"10-07-2026 16:12",,NULL,1
29,User,,System,"10-07-2026 16:12",,NULL,1
30,User,,System,"10-07-2026 16:12",,NULL,1
31,User,,System,"10-07-2026 16:12",,NULL,1
32,Hod,HO,System,"10-07-2026 16:12",,NULL,1
33,User,,System,"10-07-2026 16:12",,NULL,1
34,User,,System,"10-07-2026 16:12",,NULL,1
35,User,,System,"10-07-2026 16:12",,NULL,1
36,User,,System,"10-07-2026 16:12",,NULL,1
37,User,,System,"10-07-2026 16:12",,NULL,1
38,User,,System,"10-07-2026 16:12",,NULL,1
39,User,,System,"10-07-2026 16:12",,NULL,1
40,User,,System,"10-07-2026 16:12",,NULL,1
41,User,,System,"10-07-2026 16:12",,NULL,1
42,User,,System,"10-07-2026 16:12",,NULL,1
43,User,,System,"10-07-2026 16:12",,NULL,1
44,User,,System,"10-07-2026 16:12",,NULL,1
45,User,,System,"10-07-2026 16:12",,NULL,1
46,User,,System,"10-07-2026 16:12",,NULL,1
47,Hod,HO,System,"10-07-2026 16:12",,NULL,1
48,User,,System,"10-07-2026 16:12",,NULL,1
49,User,,System,"10-07-2026 16:12",,NULL,1
50,User,,System,"10-07-2026 16:12",,NULL,1
51,User,,System,"10-07-2026 16:12",,NULL,1
53,User,,System,"10-07-2026 16:12",,NULL,1
54,User,,System,"10-07-2026 16:12",,NULL,1
55,User,,System,"10-07-2026 16:12",,NULL,1
56,User,,System,"10-07-2026 16:12",,NULL,1
57,User,,System,"10-07-2026 16:12",,NULL,1
58,User,,System,"10-07-2026 16:12",,NULL,1
59,Hod,HO,System,"10-07-2026 16:12",,NULL,1
60,Hod,HO,System,"10-07-2026 16:12",,NULL,1
61,User,,System,"10-07-2026 16:12",,NULL,1
62,Hod,HO,System,"10-07-2026 16:12",,NULL,1
63,User,,System,"10-07-2026 16:12",,NULL,1
64,User,,System,"10-07-2026 16:12",,NULL,1
65,User,,System,"10-07-2026 16:12",,NULL,1
66,User,,System,"10-07-2026 16:12",,NULL,1
67,User,,System,"10-07-2026 16:12",,NULL,1
68,User,,System,"10-07-2026 16:12",,NULL,1
69,User,,System,"10-07-2026 16:12",,NULL,1
70,Hod,HO,System,"10-07-2026 16:12",,NULL,1
71,User,,System,"10-07-2026 16:12",,NULL,1
72,User,,System,"10-07-2026 16:12",,NULL,1
73,Hod,HO,System,"10-07-2026 16:12",,NULL,1
74,User,,System,"10-07-2026 16:12",,NULL,1
75,User,,System,"10-07-2026 16:12",,NULL,1
76,User,,System,"10-07-2026 16:12",,NULL,1
77,User,,System,"10-07-2026 16:12",,NULL,1
78,User,,System,"10-07-2026 16:12",,NULL,1
80,User,,System,"10-07-2026 16:12",,NULL,1
81,User,,System,"10-07-2026 16:12",,NULL,1
82,User,,System,"10-07-2026 16:12",,NULL,1
83,Hod,HO,System,"10-07-2026 16:12",,NULL,1
84,User,,System,"10-07-2026 16:12",,NULL,1
85,User,,System,"10-07-2026 16:12",,NULL,1
86,User,,System,"10-07-2026 16:12",,NULL,1
87,User,,System,"10-07-2026 16:12",,NULL,1
88,User,,System,"10-07-2026 16:12",,NULL,1
89,User,,System,"10-07-2026 16:12",,NULL,1
90,Hod,HO,System,"10-07-2026 16:12",,NULL,1
91,User,,System,"10-07-2026 16:12",,NULL,1
92,User,,System,"10-07-2026 16:12",,NULL,1
93,User,,System,"10-07-2026 16:12",,NULL,1
94,User,,System,"10-07-2026 16:12",,NULL,1
95,User,,System,"10-07-2026 16:12",,NULL,1
97,User,,System,"10-07-2026 16:12",,NULL,1
98,User,,System,"10-07-2026 16:12",,NULL,1
99,User,,System,"10-07-2026 16:12",,NULL,1
100,User,,System,"10-07-2026 16:12",,NULL,1
102,User,,System,"10-07-2026 16:12",,NULL,1
103,User,,System,"10-07-2026 16:12",,NULL,1
104,User,,System,"10-07-2026 16:12",,NULL,1
105,User,,System,"10-07-2026 16:12",,NULL,1
106,User,,System,"10-07-2026 16:12",,NULL,1
107,User,,System,"10-07-2026 16:12",,NULL,1
108,User,,System,"10-07-2026 16:12",,NULL,1
109,Hod,HO,System,"10-07-2026 16:12",,NULL,1
110,User,,System,"10-07-2026 16:12",,NULL,1
111,User,,System,"10-07-2026 16:12",,NULL,1
113,User,,System,"10-07-2026 16:12",,NULL,1
115,User,,System,"10-07-2026 16:12",,NULL,1
117,User,,System,"10-07-2026 16:12",,NULL,1
118,User,,System,"10-07-2026 16:12",,NULL,1
119,User,,System,"10-07-2026 16:12",,NULL,1
120,User,,System,"10-07-2026 16:12",,NULL,1
121,User,,System,"10-07-2026 16:12",,NULL,1
122,User,,System,"10-07-2026 16:12",,NULL,1
123,User,,System,"10-07-2026 16:12",,NULL,1
124,User,,System,"10-07-2026 16:12",,NULL,1
125,User,,System,"10-07-2026 16:12",,NULL,1
126,User,,System,"10-07-2026 16:12",,NULL,1
127,Hod,HO,System,"10-07-2026 16:12",,NULL,1
128,User,,System,"10-07-2026 16:12",,NULL,1
129,User,,System,"10-07-2026 16:12",,NULL,1
130,User,,System,"10-07-2026 16:12",,NULL,1
131,User,,System,"10-07-2026 16:12",,NULL,1
132,User,,System,"10-07-2026 16:12",,NULL,1
133,User,,System,"10-07-2026 16:12",,NULL,1
134,Hod,HO,System,"10-07-2026 16:12",,NULL,1
135,User,,System,"10-07-2026 16:12",,NULL,1
144,User,,System,"10-07-2026 16:12",,NULL,1
146,User,,System,"10-07-2026 16:12",,NULL,1
152,User,,System,"10-07-2026 16:12",,NULL,1
153,User,,System,"10-07-2026 16:12",,NULL,1
154,User,,System,"10-07-2026 16:12",,NULL,1
159,User,,System,"10-07-2026 16:12",,NULL,1
160,User,,System,"10-07-2026 16:12",,NULL,1
161,User,,System,"10-07-2026 16:12",,NULL,1
162,User,,System,"10-07-2026 16:12",,NULL,1
165,User,,System,"10-07-2026 16:12",,NULL,1
166,User,,System,"10-07-2026 16:12",,NULL,1
167,User,,System,"10-07-2026 16:12",,NULL,1
168,User,,System,"10-07-2026 16:12",,NULL,1
169,User,,System,"10-07-2026 16:12",,NULL,1
170,User,,System,"10-07-2026 16:12",,NULL,1
171,User,,System,"10-07-2026 16:12",,NULL,1
172,User,,System,"10-07-2026 16:12",,NULL,1
173,User,,System,"10-07-2026 16:12",,NULL,1
174,User,,System,"10-07-2026 16:12",,NULL,1
175,User,,System,"10-07-2026 16:12",,NULL,1
176,User,,System,"10-07-2026 16:12",,NULL,1
177,User,,System,"10-07-2026 16:12",,NULL,1
184,User,,System,"10-07-2026 16:12",,NULL,1
185,User,,System,"10-07-2026 16:12",,NULL,1
186,User,,System,"10-07-2026 16:12",,NULL,1
187,User,,System,"10-07-2026 16:12",,NULL,1
188,User,,System,"10-07-2026 16:12",,NULL,1
190,User,,System,"10-07-2026 16:12",,NULL,1
191,Hod,HO,System,"10-07-2026 16:12",,NULL,1
192,User,,System,"10-07-2026 16:12",,NULL,1
193,User,,System,"10-07-2026 16:12",,NULL,1
194,User,,System,"10-07-2026 16:12",,NULL,1
195,Hod,HO,System,"10-07-2026 16:12",,NULL,1
196,User,,System,"10-07-2026 16:12",,NULL,1
197,User,,System,"10-07-2026 16:12",,NULL,1
198,User,,System,"10-07-2026 16:12",,NULL,1
199,User,,System,"10-07-2026 16:12",,NULL,1
200,User,,System,"10-07-2026 16:12",,NULL,1
201,Hod,HO,System,"10-07-2026 16:12",,NULL,1
202,User,,System,"10-07-2026 16:12",,NULL,1
203,User,,System,"10-07-2026 16:12",,NULL,1
204,User,,System,"10-07-2026 16:12",,NULL,1
205,User,,System,"10-07-2026 16:12",,NULL,1
206,User,,System,"10-07-2026 16:12",,NULL,1
207,User,,System,"10-07-2026 16:12",,NULL,1
208,User,,System,"10-07-2026 16:12",,NULL,1
209,User,,System,"10-07-2026 16:12",,NULL,1
210,User,,System,"10-07-2026 16:12",,NULL,1
211,Hod,HO,System,"10-07-2026 16:12",,NULL,1
212,User,,System,"10-07-2026 16:12",,NULL,1
213,User,,System,"10-07-2026 16:12",,NULL,1
214,User,,System,"10-07-2026 16:12",,NULL,1
215,User,,System,"10-07-2026 16:12",,NULL,1
216,User,,System,"10-07-2026 16:12",,NULL,1
217,User,,System,"10-07-2026 16:12",,NULL,1
218,User,,System,"10-07-2026 16:12",,NULL,1
219,Hod,HO,System,"10-07-2026 16:12",,NULL,1
220,User,,System,"10-07-2026 16:12",,NULL,1
221,User,,System,"10-07-2026 16:12",,NULL,1
222,User,,System,"10-07-2026 16:12",,NULL,1
223,User,,System,"10-07-2026 16:12",,NULL,1
224,User,,System,"10-07-2026 16:12",,NULL,1
225,Hod,HO,System,"10-07-2026 16:12",,NULL,1
226,User,,System,"10-07-2026 16:12",,NULL,1
227,User,,System,"10-07-2026 16:12",,NULL,1
228,User,,System,"10-07-2026 16:12",,NULL,1
229,User,,System,"10-07-2026 16:12",,NULL,1
230,User,,System,"10-07-2026 16:12",,NULL,1
231,User,,System,"10-07-2026 16:12",,NULL,1
232,User,,System,"10-07-2026 16:12",,NULL,1
233,User,,System,"10-07-2026 16:12",,NULL,1
234,User,,System,"10-07-2026 16:12",,NULL,1
235,User,,System,"10-07-2026 16:12",,NULL,1
236,Hod,HO,System,"10-07-2026 16:12",,NULL,1
237,User,,System,"10-07-2026 16:12",,NULL,1
238,User,,System,"10-07-2026 16:12",,NULL,1
239,User,,System,"10-07-2026 16:12",,NULL,1
240,User,,System,"10-07-2026 16:12",,NULL,1
241,User,,System,"10-07-2026 16:12",,NULL,1
242,User,,System,"10-07-2026 16:12",,NULL,1
243,User,,System,"10-07-2026 16:12",,NULL,1
244,User,,System,"10-07-2026 16:12",,NULL,1
245,User,,System,"10-07-2026 16:12",,NULL,1
246,User,,System,"10-07-2026 16:12",,NULL,1
247,User,,System,"10-07-2026 16:12",,NULL,1
248,User,,System,"10-07-2026 16:12",,NULL,1
249,User,,System,"10-07-2026 16:12",,NULL,1
250,User,,System,"10-07-2026 16:12",,NULL,1
251,User,,System,"10-07-2026 16:12",,NULL,1
252,User,,System,"10-07-2026 16:12",,NULL,1
253,User,,System,"10-07-2026 16:12",,NULL,1
254,User,,System,"10-07-2026 16:12",,NULL,1
255,User,,System,"10-07-2026 16:12",,NULL,1
256,User,,System,"10-07-2026 16:12",,NULL,1
257,User,,System,"10-07-2026 16:12",,NULL,1
258,User,,System,"10-07-2026 16:12",,NULL,1
259,User,,System,"10-07-2026 16:12",,NULL,1
260,User,,System,"10-07-2026 16:12",,NULL,1
261,User,,System,"10-07-2026 16:12",,NULL,1
262,User,,System,"10-07-2026 16:12",,NULL,1
263,User,,System,"10-07-2026 16:12",,NULL,1
264,User,,System,"10-07-2026 16:12",,NULL,1
265,User,,System,"10-07-2026 16:12",,NULL,1
266,Hod,HO,System,"10-07-2026 16:12",,NULL,1
267,User,,System,"10-07-2026 16:12",,NULL,1
268,User,,System,"10-07-2026 16:12",,NULL,1
269,User,,System,"10-07-2026 16:12",,NULL,1
270,User,,System,"10-07-2026 16:12",,NULL,1
271,User,,System,"10-07-2026 16:12",,NULL,1
272,User,,System,"10-07-2026 16:12",,NULL,1
273,User,,System,"10-07-2026 16:12",,NULL,1
274,User,,System,"10-07-2026 16:12",,NULL,1
275,User,,System,"10-07-2026 16:12",,NULL,1
276,User,,System,"10-07-2026 16:12",,NULL,1
319,User,,System,"10-07-2026 16:12",,NULL,1
320,Hod,HO,System,"10-07-2026 16:12",,NULL,1
321,Hod,HO,System,"10-07-2026 16:12",,NULL,1
322,User,,System,"10-07-2026 16:12",,NULL,1
323,User,,System,"10-07-2026 16:12",,NULL,1
324,User,,System,"10-07-2026 16:12",,NULL,1
325,User,,System,"10-07-2026 16:12",,NULL,1
326,User,,System,"10-07-2026 16:12",,NULL,1
327,User,,System,"10-07-2026 16:12",,NULL,1
328,User,,System,"10-07-2026 16:12",,NULL,1
329,"["Admin", "Hod", "Operator"]",,System,"10-07-2026 16:12",,NULL,1
330,User,,System,"10-07-2026 16:12",,NULL,1
331,User,,System,"10-07-2026 16:12",,NULL,1
332,Hod,HO,System,"10-07-2026 16:12",,NULL,1
333,User,,System,"10-07-2026 16:12",,NULL,1
334,User,,System,"10-07-2026 16:12",,NULL,1
335,User,,System,"10-07-2026 16:12",,NULL,1
336,User,,System,"10-07-2026 16:12",,NULL,1
337,User,,System,"10-07-2026 16:12",,NULL,1
338,User,,System,"10-07-2026 16:12",,NULL,1
339,User,,System,"10-07-2026 16:12",,NULL,1
340,Hod,HO,System,"10-07-2026 16:12",,NULL,1
341,User,,System,"10-07-2026 16:12",,NULL,1
343,User,,System,"10-07-2026 16:12",,NULL,1
344,User,,System,"10-07-2026 16:12",,NULL,1
345,User,,System,"10-07-2026 16:12",,NULL,1
346,User,,System,"10-07-2026 16:12",,NULL,1
347,User,,System,"10-07-2026 16:12",,NULL,1
348,User,,System,"10-07-2026 16:12",,NULL,1
349,User,,System,"10-07-2026 16:12",,NULL,1
350,User,,System,"10-07-2026 16:12",,NULL,1
351,User,,System,"10-07-2026 16:12",,NULL,1
352,User,,System,"10-07-2026 16:12",,NULL,1
353,User,,System,"10-07-2026 16:12",,NULL,1
354,User,,System,"10-07-2026 16:12",,NULL,1
355,User,,System,"10-07-2026 16:12",,NULL,1
356,User,,System,"10-07-2026 16:12",,NULL,1
357,User,,System,"10-07-2026 16:12",,NULL,1
358,User,,System,"10-07-2026 16:12",,NULL,1
359,User,,System,"10-07-2026 16:12",,NULL,1
360,User,,System,"10-07-2026 16:12",,NULL,1
361,User,,System,"10-07-2026 16:12",,NULL,1
362,User,,System,"10-07-2026 16:12",,NULL,1
363,User,,System,"10-07-2026 16:12",,NULL,1
364,User,,System,"10-07-2026 16:12",,NULL,1
365,User,,System,"10-07-2026 16:12",,NULL,1
366,User,,System,"10-07-2026 16:12",,NULL,1
367,User,,System,"10-07-2026 16:12",,NULL,1
368,User,,System,"10-07-2026 16:12",,NULL,1
369,User,,System,"10-07-2026 16:12",,NULL,1
370,User,,System,"10-07-2026 16:12",,NULL,1
371,User,,System,"10-07-2026 16:12",,NULL,1
372,User,,System,"10-07-2026 16:12",,NULL,1
373,User,,System,"10-07-2026 16:12",,NULL,1
374,User,,System,"10-07-2026 16:12",,NULL,1
375,User,,System,"10-07-2026 16:12",,NULL,1
376,Hod,HO,System,"10-07-2026 16:12",,NULL,1
377,User,,System,"10-07-2026 16:12",,NULL,1
378,User,,System,"10-07-2026 16:12",,NULL,1
379,User,,System,"10-07-2026 16:12",,NULL,1
380,User,,System,"10-07-2026 16:12",,NULL,1
381,User,,System,"10-07-2026 16:12",,NULL,1
382,User,,System,"10-07-2026 16:12",,NULL,1
384,User,,System,"10-07-2026 16:12",,NULL,1
385,User,,System,"10-07-2026 16:12",,NULL,1
386,User,,System,"10-07-2026 16:12",,NULL,1
387,User,,System,"10-07-2026 16:12",,NULL,1
388,User,,System,"10-07-2026 16:12",,NULL,1
389,User,,System,"10-07-2026 16:12",,NULL,1
390,User,,System,"10-07-2026 16:12",,NULL,1
391,User,,System,"10-07-2026 16:12",,NULL,1
392,Hod,HO,System,"10-07-2026 16:12",,NULL,1
393,User,,System,"10-07-2026 16:12",,NULL,1
394,Hod,HO,System,"10-07-2026 16:12",,NULL,1
395,User,,System,"10-07-2026 16:12",,NULL,1
396,User,,System,"10-07-2026 16:12",,NULL,1
397,User,,System,"10-07-2026 16:12",,NULL,1
398,User,,System,"10-07-2026 16:12",,NULL,1
399,User,,System,"10-07-2026 16:12",,NULL,1
400,User,,System,"10-07-2026 16:12",,NULL,1
401,User,,System,"10-07-2026 16:12",,NULL,1
402,User,,System,"10-07-2026 16:12",,NULL,1
403,User,,System,"10-07-2026 16:12",,NULL,1
404,User,,System,"10-07-2026 16:12",,NULL,1
405,User,,System,"10-07-2026 16:12",,NULL,1
406,User,,System,"10-07-2026 16:12",,NULL,1
407,User,,System,"10-07-2026 16:12",,NULL,1
408,User,,System,"10-07-2026 16:12",,NULL,1
409,User,,System,"10-07-2026 16:12",,NULL,1
410,User,,System,"10-07-2026 16:12",,NULL,1
411,User,,System,"10-07-2026 16:12",,NULL,1
412,User,,System,"10-07-2026 16:12",,NULL,1
413,User,,System,"10-07-2026 16:12",,NULL,1
414,User,,System,"10-07-2026 16:12",,NULL,1
415,User,,System,"10-07-2026 16:12",,NULL,1
416,User,,System,"10-07-2026 16:12",,NULL,1
417,User,,System,"10-07-2026 16:12",,NULL,1
418,User,,System,"10-07-2026 16:12",,NULL,1
419,User,,System,"10-07-2026 16:12",,NULL,1
420,User,,System,"10-07-2026 16:12",,NULL,1
421,User,,System,"10-07-2026 16:12",,NULL,1
422,Hod,HO,System,"10-07-2026 16:12",,NULL,1
423,User,,System,"10-07-2026 16:12",,NULL,1
424,User,,System,"10-07-2026 16:12",,NULL,1
425,User,,System,"10-07-2026 16:12",,NULL,1
426,User,,System,"10-07-2026 16:12",,NULL,1
427,Hod,HO,System,"10-07-2026 16:12",,NULL,1
428,User,,System,"10-07-2026 16:12",,NULL,1
429,User,,System,"10-07-2026 16:12",,NULL,1
430,User,,System,"10-07-2026 16:12",,NULL,1
431,User,,System,"10-07-2026 16:12",,NULL,1
432,User,,System,"10-07-2026 16:12",,NULL,1
435,User,,System,"10-07-2026 16:12",,NULL,1
436,User,,System,"10-07-2026 16:12",,NULL,1
437,User,,System,"10-07-2026 16:12",,NULL,1
438,User,,System,"10-07-2026 16:12",,NULL,1
439,User,,System,"10-07-2026 16:12",,NULL,1
440,User,,System,"10-07-2026 16:12",,NULL,1
441,User,,System,"10-07-2026 16:12",,NULL,1
442,User,,System,"10-07-2026 16:12",,NULL,1
443,User,,System,"10-07-2026 16:12",,NULL,1
444,User,,System,"10-07-2026 16:12",,NULL,1
445,User,,System,"10-07-2026 16:12",,NULL,1
446,User,,System,"10-07-2026 16:12",,NULL,1
447,User,,System,"10-07-2026 16:12",,NULL,1
449,User,,System,"10-07-2026 16:12",,NULL,1
450,User,,System,"10-07-2026 16:12",,NULL,1
451,User,,System,"10-07-2026 16:12",,NULL,1
452,User,,System,"10-07-2026 16:12",,NULL,1
453,User,,System,"10-07-2026 16:12",,NULL,1
454,User,,System,"10-07-2026 16:12",,NULL,1
455,User,,System,"10-07-2026 16:12",,NULL,1
456,User,,System,"10-07-2026 16:12",,NULL,1
457,User,,System,"10-07-2026 16:12",,NULL,1
458,User,,System,"10-07-2026 16:12",,NULL,1
459,User,,System,"10-07-2026 16:12",,NULL,1
460,User,,System,"10-07-2026 16:12",,NULL,1
461,User,,System,"10-07-2026 16:12",,NULL,1
462,User,,System,"10-07-2026 16:12",,NULL,1
465,User,,System,"10-07-2026 16:12",,NULL,1
466,User,,System,"10-07-2026 16:12",,NULL,1
467,User,,System,"10-07-2026 16:12",,NULL,1
468,User,,System,"10-07-2026 16:12",,NULL,1
469,User,,System,"10-07-2026 16:12",,NULL,1
471,User,,System,"10-07-2026 16:12",,NULL,1
472,User,,System,"10-07-2026 16:12",,NULL,1
473,User,,System,"10-07-2026 16:12",,NULL,1
474,User,,System,"10-07-2026 16:12",,NULL,1
475,User,,System,"10-07-2026 16:12",,NULL,1
476,User,,System,"10-07-2026 16:12",,NULL,1
478,User,,System,"10-07-2026 16:12",,NULL,1
479,User,,System,"10-07-2026 16:12",,NULL,1
480,User,,System,"10-07-2026 16:12",,NULL,1
481,User,,System,"10-07-2026 16:12",,NULL,1
482,User,,System,"10-07-2026 16:12",,NULL,1
483,User,,System,"10-07-2026 16:12",,NULL,1
484,User,,System,"10-07-2026 16:12",,NULL,1
485,User,,System,"10-07-2026 16:12",,NULL,1
486,User,,System,"10-07-2026 16:12",,NULL,1
487,User,,System,"10-07-2026 16:12",,NULL,1
488,User,,System,"10-07-2026 16:12",,NULL,1
490,User,,System,"10-07-2026 16:12",,NULL,1
491,User,,System,"10-07-2026 16:12",,NULL,1
492,User,,System,"10-07-2026 16:12",,NULL,1
493,User,,System,"10-07-2026 16:12",,NULL,1
494,User,,System,"10-07-2026 16:12",,NULL,1
495,Hod,HO,System,"10-07-2026 16:12",,NULL,1
496,User,,System,"10-07-2026 16:12",,NULL,1
497,User,,System,"10-07-2026 16:12",,NULL,1
498,User,,System,"10-07-2026 16:12",,NULL,1
499,User,,System,"10-07-2026 16:12",,NULL,1
500,User,,System,"10-07-2026 16:12",,NULL,1
501,User,,System,"10-07-2026 16:12",,NULL,1
502,User,,System,"10-07-2026 16:12",,NULL,1
503,User,,System,"10-07-2026 16:12",,NULL,1
504,User,,System,"10-07-2026 16:12",,NULL,1
505,User,,System,"10-07-2026 16:12",,NULL,1
506,Hod,HO,System,"10-07-2026 16:12",,NULL,1
508,User,,System,"10-07-2026 16:12",,NULL,1
509,User,,System,"10-07-2026 16:12",,NULL,1
510,User,,System,"10-07-2026 16:12",,NULL,1
511,User,,System,"10-07-2026 16:12",,NULL,1
512,User,,System,"10-07-2026 16:12",,NULL,1
513,User,,System,"10-07-2026 16:12",,NULL,1
514,User,,System,"10-07-2026 16:12",,NULL,1
515,User,,System,"10-07-2026 16:12",,NULL,1
516,User,,System,"10-07-2026 16:12",,NULL,1
517,Hod,HO,System,"10-07-2026 16:12",,NULL,1
518,User,,System,"10-07-2026 16:12",,NULL,1
519,User,,System,"10-07-2026 16:12",,NULL,1
520,User,,System,"10-07-2026 16:12",,NULL,1
521,User,,System,"10-07-2026 16:12",,NULL,1
522,User,,System,"10-07-2026 16:12",,NULL,1
525,User,,System,"10-07-2026 16:12",,NULL,1
526,User,,System,"10-07-2026 16:12",,NULL,1
527,User,,System,"10-07-2026 16:12",,NULL,1
528,User,,System,"10-07-2026 16:12",,NULL,1
529,User,,System,"10-07-2026 16:12",,NULL,1
530,User,,System,"10-07-2026 16:12",,NULL,1
531,Hod,HO,System,"10-07-2026 16:12",,NULL,1
532,User,,System,"10-07-2026 16:12",,NULL,1
533,User,,System,"10-07-2026 16:12",,NULL,1
534,User,,System,"10-07-2026 16:12",,NULL,1
535,User,,System,"10-07-2026 16:12",,NULL,1
536,User,,System,"10-07-2026 16:12",,NULL,1
537,Hod,HO,System,"10-07-2026 16:12",,NULL,1
538,Hod,HO,System,"10-07-2026 16:12",,NULL,1
539,User,,System,"10-07-2026 16:12",,NULL,1
540,Hod,HO,System,"10-07-2026 16:12",,NULL,1
541,User,,System,"10-07-2026 16:12",,NULL,1
543,User,,System,"10-07-2026 16:12",,NULL,1
544,User,,System,"10-07-2026 16:12",,NULL,1
545,User,,System,"10-07-2026 16:12",,NULL,1
548,User,,System,"10-07-2026 16:12",,NULL,1
549,User,,System,"10-07-2026 16:12",,NULL,1
550,User,,System,"10-07-2026 16:12",,NULL,1
551,User,,System,"10-07-2026 16:12",,NULL,1
552,User,,System,"10-07-2026 16:12",,NULL,1
553,User,,System,"10-07-2026 16:12",,NULL,1
554,Hod,HO,System,"10-07-2026 16:12",,NULL,1
555,User,,System,"10-07-2026 16:12",,NULL,1
556,Hod,HO,System,"10-07-2026 16:12",,NULL,1
557,User,,System,"10-07-2026 16:12",,NULL,1
558,User,,System,"10-07-2026 16:12",,NULL,1
559,User,,System,"10-07-2026 16:12",,NULL,1
560,User,,System,"10-07-2026 16:12",,NULL,1
561,User,,System,"10-07-2026 16:12",,NULL,1
562,User,,System,"10-07-2026 16:12",,NULL,1
563,User,,System,"10-07-2026 16:12",,NULL,1
564,User,,System,"10-07-2026 16:12",,NULL,1
565,User,,System,"10-07-2026 16:12",,NULL,1
566,User,,System,"10-07-2026 16:12",,NULL,1
567,User,,System,"10-07-2026 16:12",,NULL,1
568,User,,System,"10-07-2026 16:12",,NULL,1
569,User,,System,"10-07-2026 16:12",,NULL,1
570,User,,System,"10-07-2026 16:12",,NULL,1
571,User,,System,"10-07-2026 16:12",,NULL,1
572,User,,System,"10-07-2026 16:12",,NULL,1
573,User,,System,"10-07-2026 16:12",,NULL,1
574,User,,System,"10-07-2026 16:12",,NULL,1
575,User,,System,"10-07-2026 16:12",,NULL,1
576,User,,System,"10-07-2026 16:12",,NULL,1
577,User,,System,"10-07-2026 16:12",,NULL,1
578,User,,System,"10-07-2026 16:12",,NULL,1
579,User,,System,"10-07-2026 16:12",,NULL,1
580,User,,System,"10-07-2026 16:12",,NULL,1
581,User,,System,"10-07-2026 16:12",,NULL,1
582,Hod,HO,System,"10-07-2026 16:12",,NULL,1
583,User,,System,"10-07-2026 16:12",,NULL,1
584,User,,System,"10-07-2026 16:12",,NULL,1
585,Hod,HO,System,"10-07-2026 16:12",,NULL,1
586,User,,System,"10-07-2026 16:12",,NULL,1
587,Hod,HO,System,"10-07-2026 16:12",,NULL,1
588,User,,System,"10-07-2026 16:12",,NULL,1
589,Hod,HO,System,"10-07-2026 16:12",,NULL,1
591,User,,System,"10-07-2026 16:12",,NULL,1
592,Hod,HO,System,"10-07-2026 16:12",,NULL,1
593,User,,System,"10-07-2026 16:12",,NULL,1
594,User,,System,"10-07-2026 16:12",,NULL,1
595,User,,System,"10-07-2026 16:12",,NULL,1
596,User,,System,"10-07-2026 16:12",,NULL,1
597,User,,System,"10-07-2026 16:12",,NULL,1
598,User,,System,"10-07-2026 16:12",,NULL,1
599,User,,System,"10-07-2026 16:12",,NULL,1
600,User,,System,"10-07-2026 16:12",,NULL,1
601,User,,System,"10-07-2026 16:12",,NULL,1
602,User,,System,"10-07-2026 16:12",,NULL,1
603,Hod,HO,System,"10-07-2026 16:12",,NULL,1
604,Hod,HO,System,"10-07-2026 16:12",,NULL,1
605,User,,System,"10-07-2026 16:12",,NULL,1
606,User,,System,"10-07-2026 16:12",,NULL,1
607,User,,System,"10-07-2026 16:12",,NULL,1
608,User,,System,"10-07-2026 16:12",,NULL,1
609,User,,System,"10-07-2026 16:12",,NULL,1
610,User,,System,"10-07-2026 16:12",,NULL,1
611,User,,System,"10-07-2026 16:12",,NULL,1
612,User,,System,"10-07-2026 16:12",,NULL,1
613,User,,System,"10-07-2026 16:12",,NULL,1
614,User,,System,"10-07-2026 16:12",,NULL,1
615,User,,System,"10-07-2026 16:12",,NULL,1
616,User,,System,"10-07-2026 16:12",,NULL,1
617,User,,System,"10-07-2026 16:12",,NULL,1
620,User,,System,"10-07-2026 16:12",,NULL,1
621,User,,System,"10-07-2026 16:12",,NULL,1
622,Hod,HO,System,"10-07-2026 16:12",,NULL,1
623,User,,System,"10-07-2026 16:12",,NULL,1
624,User,,System,"10-07-2026 16:12",,NULL,1
625,User,,System,"10-07-2026 16:12",,NULL,1
626,User,,System,"10-07-2026 16:12",,NULL,1
627,Hod,HO,System,"10-07-2026 16:12",,NULL,1
628,User,,System,"10-07-2026 16:12",,NULL,1
629,User,,System,"10-07-2026 16:12",,NULL,1
630,User,,System,"10-07-2026 16:12",,NULL,1
631,User,,System,"10-07-2026 16:12",,NULL,1
632,Hod,HO,System,"10-07-2026 16:12",,NULL,1
633,User,,System,"10-07-2026 16:12",,NULL,1
634,User,,System,"10-07-2026 16:12",,NULL,1
635,User,,System,"10-07-2026 16:12",,NULL,1
636,User,,System,"10-07-2026 16:12",,NULL,1
637,User,,System,"10-07-2026 16:12",,NULL,1
638,User,,System,"10-07-2026 16:12",,NULL,1
639,User,,System,"10-07-2026 16:12",,NULL,1
640,User,,System,"10-07-2026 16:12",,NULL,1
641,User,,System,"10-07-2026 16:12",,NULL,1
643,User,,System,"10-07-2026 16:12",,NULL,1
644,User,,System,"10-07-2026 16:12",,NULL,1
645,User,,System,"10-07-2026 16:12",,NULL,1
646,User,,System,"10-07-2026 16:12",,NULL,1
647,User,,System,"10-07-2026 16:12",,NULL,1
648,User,,System,"10-07-2026 16:12",,NULL,1
649,User,,System,"10-07-2026 16:12",,NULL,1
650,User,,System,"10-07-2026 16:12",,NULL,1
651,User,,System,"10-07-2026 16:12",,NULL,1
652,User,,System,"10-07-2026 16:12",,NULL,1
653,User,,System,"10-07-2026 16:12",,NULL,1
654,User,,System,"10-07-2026 16:12",,NULL,1
655,User,,System,"10-07-2026 16:12",,NULL,1
656,Hod,HO,System,"10-07-2026 16:12",,NULL,1
657,User,,System,"10-07-2026 16:12",,NULL,1
658,User,,System,"10-07-2026 16:12",,NULL,1
659,User,,System,"10-07-2026 16:12",,NULL,1
660,User,,System,"10-07-2026 16:12",,NULL,1
661,User,,System,"10-07-2026 16:12",,NULL,1
662,User,,System,"10-07-2026 16:12",,NULL,1
663,User,,System,"10-07-2026 16:12",,NULL,1
664,Hod,HO,System,"10-07-2026 16:12",,NULL,1
665,User,,System,"10-07-2026 16:12",,NULL,1
666,User,,System,"10-07-2026 16:12",,NULL,1
667,User,,System,"10-07-2026 16:12",,NULL,1
668,User,,System,"10-07-2026 16:12",,NULL,1
671,User,,System,"10-07-2026 16:12",,NULL,1
673,User,,System,"10-07-2026 16:12",,NULL,1
674,User,,System,"10-07-2026 16:12",,NULL,1
675,User,,System,"10-07-2026 16:12",,NULL,1
677,User,,System,"10-07-2026 16:12",,NULL,1
678,User,,System,"10-07-2026 16:12",,NULL,1
679,User,,System,"10-07-2026 16:12",,NULL,1
680,Hod,HO,System,"10-07-2026 16:12",,NULL,1
681,User,,System,"10-07-2026 16:12",,NULL,1
683,User,,System,"10-07-2026 16:12",,NULL,1
684,User,,System,"10-07-2026 16:12",,NULL,1
685,User,,System,"10-07-2026 16:12",,NULL,1
686,Hod,HO,System,"10-07-2026 16:12",,NULL,1
687,User,,System,"10-07-2026 16:12",,NULL,1
688,User,,System,"10-07-2026 16:12",,NULL,1
689,User,,System,"10-07-2026 16:12",,NULL,1
690,User,,System,"10-07-2026 16:12",,NULL,1
691,User,,System,"10-07-2026 16:12",,NULL,1
692,User,,System,"10-07-2026 16:12",,NULL,1
693,User,,System,"10-07-2026 16:12",,NULL,1
694,User,,System,"10-07-2026 16:12",,NULL,1
695,User,,System,"10-07-2026 16:12",,NULL,1
696,User,,System,"10-07-2026 16:12",,NULL,1
697,User,,System,"10-07-2026 16:12",,NULL,1
698,User,,System,"10-07-2026 16:12",,NULL,1
699,User,,System,"10-07-2026 16:12",,NULL,1
700,User,,System,"10-07-2026 16:12",,NULL,1
701,User,,System,"10-07-2026 16:12",,NULL,1
702,User,,System,"10-07-2026 16:12",,NULL,1
703,User,,System,"10-07-2026 16:12",,NULL,1
704,User,,System,"10-07-2026 16:12",,NULL,1
705,User,,System,"10-07-2026 16:12",,NULL,1
706,User,,System,"10-07-2026 16:12",,NULL,1
707,User,,System,"10-07-2026 16:12",,NULL,1
708,User,,System,"10-07-2026 16:12",,NULL,1
709,User,,System,"10-07-2026 16:12",,NULL,1
710,User,,System,"10-07-2026 16:12",,NULL,1
711,User,,System,"10-07-2026 16:12",,NULL,1
712,User,,System,"10-07-2026 16:12",,NULL,1
715,User,,System,"10-07-2026 16:12",,NULL,1
716,User,,System,"10-07-2026 16:12",,NULL,1
717,Hod,HO,System,"10-07-2026 16:12",,NULL,1
719,User,,System,"10-07-2026 16:12",,NULL,1
720,User,,System,"10-07-2026 16:12",,NULL,1
721,User,,System,"10-07-2026 16:12",,NULL,1
722,User,,System,"10-07-2026 16:12",,NULL,1
723,User,,System,"10-07-2026 16:12",,NULL,1
724,User,,System,"10-07-2026 16:12",,NULL,1
726,User,,System,"10-07-2026 16:12",,NULL,1
727,User,,System,"10-07-2026 16:12",,NULL,1
729,User,,System,"10-07-2026 16:12",,NULL,1
730,User,,System,"10-07-2026 16:12",,NULL,1
731,User,,System,"10-07-2026 16:12",,NULL,1
732,Hod,HO,System,"10-07-2026 16:12",,NULL,1
733,User,,System,"10-07-2026 16:12",,NULL,1
734,User,,System,"10-07-2026 16:12",,NULL,1
735,Hod,HO,System,"10-07-2026 16:12",,NULL,1
736,User,,System,"10-07-2026 16:12",,NULL,1
737,User,,System,"10-07-2026 16:12",,NULL,1
738,Hod,HO,System,"10-07-2026 16:12",,NULL,1
739,User,,System,"10-07-2026 16:12",,NULL,1
740,User,,System,"10-07-2026 16:12",,NULL,1
741,User,,System,"10-07-2026 16:12",,NULL,1
742,Hod,HO,System,"10-07-2026 16:12",,NULL,1
743,User,,System,"10-07-2026 16:12",,NULL,1
744,User,,System,"10-07-2026 16:12",,NULL,1
745,User,,System,"10-07-2026 16:12",,NULL,1
746,User,,System,"10-07-2026 16:12",,NULL,1
747,User,,System,"10-07-2026 16:12",,NULL,1
748,Hod,HO,System,"10-07-2026 16:12",,NULL,1
749,User,,System,"10-07-2026 16:12",,NULL,1
750,User,,System,"10-07-2026 16:12",,NULL,1
755,User,,System,"10-07-2026 16:12",,NULL,1
760,User,,System,"10-07-2026 16:12",,NULL,1
761,User,,System,"10-07-2026 16:12",,NULL,1
762,User,,System,"10-07-2026 16:12",,NULL,1
763,User,,System,"10-07-2026 16:12",,NULL,1
765,User,,System,"10-07-2026 16:12",,NULL,1
766,User,,System,"10-07-2026 16:12",,NULL,1
767,User,,System,"10-07-2026 16:12",,NULL,1
768,User,,System,"10-07-2026 16:12",,NULL,1
769,User,,System,"10-07-2026 16:12",,NULL,1
770,User,,System,"10-07-2026 16:12",,NULL,1
771,User,,System,"10-07-2026 16:12",,NULL,1
772,User,,System,"10-07-2026 16:12",,NULL,1
773,User,,System,"10-07-2026 16:12",,NULL,1
774,User,,System,"10-07-2026 16:12",,NULL,1
775,User,,System,"10-07-2026 16:12",,NULL,1
780,User,,System,"10-07-2026 16:12",,NULL,1
781,User,,System,"10-07-2026 16:12",,NULL,1
782,User,,System,"10-07-2026 16:12",,NULL,1
784,User,,System,"10-07-2026 16:12",,NULL,1
785,User,,System,"10-07-2026 16:12",,NULL,1
786,User,,System,"10-07-2026 16:12",,NULL,1
788,User,,System,"10-07-2026 16:12",,NULL,1
789,User,,System,"10-07-2026 16:12",,NULL,1
790,User,,System,"10-07-2026 16:12",,NULL,1
791,User,,System,"10-07-2026 16:12",,NULL,1
792,User,,System,"10-07-2026 16:12",,NULL,1
793,User,,System,"10-07-2026 16:12",,NULL,1
799,User,,System,"10-07-2026 16:12",,NULL,1
802,User,,System,"10-07-2026 16:12",,NULL,1
803,User,,System,"10-07-2026 16:12",,NULL,1
804,User,,System,"10-07-2026 16:12",,NULL,1
805,User,,System,"10-07-2026 16:12",,NULL,1
806,Hod,HO,System,"10-07-2026 16:12",,NULL,1
807,User,,System,"10-07-2026 16:12",,NULL,1
808,User,,System,"10-07-2026 16:12",,NULL,1
809,Hod,HO,System,"10-07-2026 16:12",,NULL,1
810,User,,System,"10-07-2026 16:12",,NULL,1
811,User,,System,"10-07-2026 16:12",,NULL,1
812,Hod,HO,System,"10-07-2026 16:12",,NULL,1
813,Hod,HO,System,"10-07-2026 16:12",,NULL,1
814,User,,System,"10-07-2026 16:12",,NULL,1
815,User,,System,"10-07-2026 16:12",,NULL,1
823,User,,System,"10-07-2026 16:12",,NULL,1
824,User,,System,"10-07-2026 16:12",,NULL,1
825,User,,System,"10-07-2026 16:12",,NULL,1
826,User,,System,"10-07-2026 16:12",,NULL,1
827,User,,System,"10-07-2026 16:12",,NULL,1
828,User,,System,"10-07-2026 16:12",,NULL,1
834,User,,System,"10-07-2026 16:12",,NULL,1
835,User,,System,"10-07-2026 16:12",,NULL,1
836,User,,System,"10-07-2026 16:12",,NULL,1
840,User,,System,"10-07-2026 16:12",,NULL,1
847,User,,System,"10-07-2026 16:12",,NULL,1
848,User,,System,"10-07-2026 16:12",,NULL,1
849,User,,System,"10-07-2026 16:12",,NULL,1
850,User,,System,"10-07-2026 16:12",,NULL,1
851,User,,System,"10-07-2026 16:12",,NULL,1
852,User,,System,"10-07-2026 16:12",,NULL,1
854,User,,System,"10-07-2026 16:12",,NULL,1
855,User,,System,"10-07-2026 16:12",,NULL,1
856,Hod,HO,System,"10-07-2026 16:12",,NULL,1
857,User,,System,"10-07-2026 16:12",,NULL,1
858,User,,System,"10-07-2026 16:12",,NULL,1
859,User,,System,"10-07-2026 16:12",,NULL,1
860,User,,System,"10-07-2026 16:12",,NULL,1
861,User,,System,"10-07-2026 16:12",,NULL,1
862,User,,System,"10-07-2026 16:12",,NULL,1
863,User,,System,"10-07-2026 16:12",,NULL,1
864,User,,System,"10-07-2026 16:12",,NULL,1
865,User,,System,"10-07-2026 16:12",,NULL,1
866,User,,System,"10-07-2026 16:12",,NULL,1
867,User,,System,"10-07-2026 16:12",,NULL,1
869,User,,System,"10-07-2026 16:12",,NULL,1
870,User,,System,"10-07-2026 16:12",,NULL,1
871,User,,System,"10-07-2026 16:12",,NULL,1
872,User,,System,"10-07-2026 16:12",,NULL,1
873,User,,System,"10-07-2026 16:12",,NULL,1
874,User,,System,"10-07-2026 16:12",,NULL,1
875,User,,System,"10-07-2026 16:12",,NULL,1
877,User,,System,"10-07-2026 16:12",,NULL,1
878,User,,System,"10-07-2026 16:12",,NULL,1
879,User,,System,"10-07-2026 16:12",,NULL,1
880,User,,System,"10-07-2026 16:12",,NULL,1
881,User,,System,"10-07-2026 16:12",,NULL,1
882,User,,System,"10-07-2026 16:12",,NULL,1
883,User,,System,"10-07-2026 16:12",,NULL,1
884,User,,System,"10-07-2026 16:12",,NULL,1
885,User,,System,"10-07-2026 16:12",,NULL,1
886,User,,System,"10-07-2026 16:12",,NULL,1
887,User,,System,"10-07-2026 16:12",,NULL,1
888,User,,System,"10-07-2026 16:12",,NULL,1
889,User,,System,"10-07-2026 16:12",,NULL,1
890,User,,System,"10-07-2026 16:12",,NULL,1
891,User,,System,"10-07-2026 16:12",,NULL,1
892,User,,System,"10-07-2026 16:12",,NULL,1
893,User,,System,"10-07-2026 16:12",,NULL,1
894,Hod,HO,System,"10-07-2026 16:12",,NULL,1
895,User,,System,"10-07-2026 16:12",,NULL,1
896,User,,System,"10-07-2026 16:12",,NULL,1
898,User,,System,"10-07-2026 16:12",,NULL,1
899,User,,System,"10-07-2026 16:12",,NULL,1
900,User,,System,"10-07-2026 16:12",,NULL,1
901,User,,System,"10-07-2026 16:12",,NULL,1
902,User,,System,"10-07-2026 16:12",,NULL,1
903,User,,System,"10-07-2026 16:12",,NULL,1
904,User,,System,"10-07-2026 16:12",,NULL,1
905,User,,System,"10-07-2026 16:12",,NULL,1
906,Hod,HO,System,"10-07-2026 16:12",,NULL,1
907,User,,System,"10-07-2026 16:12",,NULL,1
908,User,,System,"10-07-2026 16:12",,NULL,1
909,User,,System,"10-07-2026 16:12",,NULL,1
910,User,,System,"10-07-2026 16:12",,NULL,1
911,User,,System,"10-07-2026 16:12",,NULL,1
912,User,,System,"10-07-2026 16:12",,NULL,1
913,User,,System,"10-07-2026 16:12",,NULL,1
914,User,,System,"10-07-2026 16:12",,NULL,1
915,User,,System,"10-07-2026 16:12",,NULL,1
916,User,,System,"10-07-2026 16:12",,NULL,1
917,User,,System,"10-07-2026 16:12",,NULL,1
918,User,,System,"10-07-2026 16:12",,NULL,1
919,User,,System,"10-07-2026 16:12",,NULL,1
920,User,,System,"10-07-2026 16:12",,NULL,1
921,User,,System,"10-07-2026 16:12",,NULL,1
922,User,,System,"10-07-2026 16:12",,NULL,1
923,User,,System,"10-07-2026 16:12",,NULL,1
924,User,,System,"10-07-2026 16:12",,NULL,1
925,User,,System,"10-07-2026 16:12",,NULL,1
926,Hod,HO,System,"10-07-2026 16:12",,NULL,1
927,Hod,HO,System,"10-07-2026 16:12",,NULL,1
928,Hod,HO,System,"10-07-2026 16:12",,NULL,1
929,Hod,HO,System,"10-07-2026 16:12",,NULL,1
930,Hod,HO,System,"10-07-2026 16:12",,NULL,1
931,Hod,HO,System,"10-07-2026 16:12",,NULL,1
932,Hod,HO,System,"10-07-2026 16:12",,NULL,1
933,User,,System,"10-07-2026 16:12",,NULL,1
934,User,,System,"10-07-2026 16:12",,NULL,1
935,Hod,HO,System,"10-07-2026 16:12",,NULL,1
936,Hod,HO,System,"10-07-2026 16:12",,NULL,1
937,User,,System,"10-07-2026 16:12",,NULL,1
938,Hod,HO,System,"10-07-2026 16:12",,NULL,1
939,Hod,HO,System,"10-07-2026 16:12",,NULL,1
940,Hod,HO,System,"10-07-2026 16:12",,NULL,1
941,User,,System,"10-07-2026 16:12",,NULL,1
942,Hod,HO,System,"10-07-2026 16:12",,NULL,1
943,Hod,HO,System,"10-07-2026 16:12",,NULL,1
944,User,,System,"10-07-2026 16:12",,NULL,1
945,User,,System,"10-07-2026 16:12",,NULL,1
946,User,,System,"10-07-2026 16:12",,NULL,1
947,User,,System,"10-07-2026 16:12",,NULL,1
949,User,,System,"10-07-2026 16:12",,NULL,1
950,User,,System,"10-07-2026 16:12",,NULL,1
951,User,,System,"10-07-2026 16:12",,NULL,1
952,User,,System,"10-07-2026 16:12",,NULL,1
953,User,,System,"10-07-2026 16:12",,NULL,1
954,User,,System,"10-07-2026 16:12",,NULL,1
955,User,,System,"10-07-2026 16:12",,NULL,1
956,User,,System,"10-07-2026 16:12",,NULL,1
957,Hod,HO,System,"10-07-2026 16:12",,NULL,1
958,User,,System,"10-07-2026 16:12",,NULL,1
959,User,,System,"10-07-2026 16:12",,NULL,1
960,User,,System,"10-07-2026 16:12",,NULL,1
961,User,,System,"10-07-2026 16:12",,NULL,1
962,User,,System,"10-07-2026 16:12",,NULL,1
963,User,,System,"10-07-2026 16:12",,NULL,1
964,User,,System,"10-07-2026 16:12",,NULL,1
965,User,,System,"10-07-2026 16:12",,NULL,1
966,User,,System,"10-07-2026 16:12",,NULL,1
967,User,,System,"10-07-2026 16:12",,NULL,1
968,User,,System,"10-07-2026 16:12",,NULL,1
969,User,,System,"10-07-2026 16:12",,NULL,1
970,User,,System,"10-07-2026 16:12",,NULL,1
971,User,,System,"10-07-2026 16:12",,NULL,1
972,User,,System,"10-07-2026 16:12",,NULL,1
973,User,,System,"10-07-2026 16:12",,NULL,1
975,User,,System,"10-07-2026 16:12",,NULL,1
976,Hod,HO,System,"10-07-2026 16:12",,NULL,1
977,User,,System,"10-07-2026 16:12",,NULL,1
978,User,,System,"10-07-2026 16:12",,NULL,1
980,User,,System,"10-07-2026 16:12",,NULL,1
981,User,,System,"10-07-2026 16:12",,NULL,1
982,User,,System,"10-07-2026 16:12",,NULL,1
983,User,,System,"10-07-2026 16:12",,NULL,1
984,User,,System,"10-07-2026 16:12",,NULL,1
985,User,,System,"10-07-2026 16:12",,NULL,1
986,User,,System,"10-07-2026 16:12",,NULL,1
989,User,,System,"10-07-2026 16:12",,NULL,1
990,User,,System,"10-07-2026 16:12",,NULL,1
991,User,,System,"10-07-2026 16:12",,NULL,1
992,User,,System,"10-07-2026 16:12",,NULL,1
993,User,,System,"10-07-2026 16:12",,NULL,1
994,User,,System,"10-07-2026 16:12",,NULL,1
995,User,,System,"10-07-2026 16:12",,NULL,1
996,User,,System,"10-07-2026 16:12",,NULL,1
997,User,,System,"10-07-2026 16:12",,NULL,1
998,User,,System,"10-07-2026 16:12",,NULL,1
999,User,,System,"10-07-2026 16:12",,NULL,1
1000,User,,System,"10-07-2026 16:12",,NULL,1
1001,User,,System,"10-07-2026 16:12",,NULL,1
1002,User,,System,"10-07-2026 16:12",,NULL,1
1003,User,,System,"10-07-2026 16:12",,NULL,1
1004,User,,System,"10-07-2026 16:12",,NULL,1
1005,User,,System,"10-07-2026 16:12",,NULL,1
1006,User,,System,"10-07-2026 16:12",,NULL,1
1007,User,,System,"10-07-2026 16:12",,NULL,1
1008,User,,System,"10-07-2026 16:12",,NULL,1
1009,User,,System,"10-07-2026 16:12",,NULL,1
1010,User,,System,"10-07-2026 16:12",,NULL,1
1011,User,,System,"10-07-2026 16:12",,NULL,1
1012,Hod,HO,System,"10-07-2026 16:12",,NULL,1
1013,User,,System,"10-07-2026 16:12",,NULL,1
1014,User,,System,"10-07-2026 16:12",,NULL,1
1015,Hod,HO,System,"10-07-2026 16:12",,NULL,1
1016,User,,System,"10-07-2026 16:12",,NULL,1
1017,User,,System,"10-07-2026 16:12",,NULL,1
1018,User,,System,"10-07-2026 16:12",,NULL,1
1019,User,,System,"10-07-2026 16:12",,NULL,1
1020,User,,System,"10-07-2026 16:12",,NULL,1
1021,User,,System,"10-07-2026 16:12",,NULL,1
1022,User,,System,"10-07-2026 16:12",,NULL,1
1023,User,,System,"10-07-2026 16:12",,NULL,1
1024,Hod,HO,System,"10-07-2026 16:12",,NULL,1
1025,User,,System,"10-07-2026 16:12",,NULL,1
1026,User,,System,"10-07-2026 16:12",,NULL,1
1027,User,,System,"10-07-2026 16:12",,NULL,1
1028,User,,System,"10-07-2026 16:12",,NULL,1
1029,User,,System,"10-07-2026 16:12",,NULL,1
1030,User,,System,"10-07-2026 16:12",,NULL,1
1031,User,,System,"10-07-2026 16:12",,NULL,1
1032,User,,System,"10-07-2026 16:12",,NULL,1
1033,User,,System,"10-07-2026 16:12",,NULL,1
1034,User,,System,"10-07-2026 16:12",,NULL,1
1035,User,,System,"10-07-2026 16:12",,NULL,1
1036,User,,System,"10-07-2026 16:12",,NULL,1
1037,User,,System,"10-07-2026 16:12",,NULL,1
1038,User,,System,"10-07-2026 16:12",,NULL,1
1039,User,,System,"10-07-2026 16:12",,NULL,1
1040,User,,System,"10-07-2026 16:12",,NULL,1
1041,Hod,HO,System,"10-07-2026 16:12",,NULL,1
1042,User,,System,"10-07-2026 16:12",,NULL,1
1043,User,,System,"10-07-2026 16:12",,NULL,1
1044,User,,System,"10-07-2026 16:12",,NULL,1
1045,Hod,HO,System,"10-07-2026 16:12",,NULL,1
1046,User,,System,"10-07-2026 16:12",,NULL,1
1047,User,,System,"10-07-2026 16:12",,NULL,1
1048,User,,System,"10-07-2026 16:12",,NULL,1
1049,User,,System,"10-07-2026 16:12",,NULL,1
1050,User,,System,"10-07-2026 16:12",,NULL,1
1051,User,,System,"10-07-2026 16:12",,NULL,1
1052,User,,System,"10-07-2026 16:12",,NULL,1
1053,User,,System,"10-07-2026 16:12",,NULL,1
1054,Hod,HO,System,"10-07-2026 16:12",,NULL,1
1055,User,,System,"10-07-2026 16:12",,NULL,1
1056,User,,System,"10-07-2026 16:12",,NULL,1
1057,User,,System,"10-07-2026 16:12",,NULL,1
1058,User,,System,"10-07-2026 16:12",,NULL,1
1059,User,,System,"10-07-2026 16:12",,NULL,1
1060,User,,System,"10-07-2026 16:12",,NULL,1
1061,User,,System,"10-07-2026 16:12",,NULL,1
1062,User,,System,"10-07-2026 16:12",,NULL,1
1063,User,,System,"10-07-2026 16:12",,NULL,1
1064,User,,System,"10-07-2026 16:12",,NULL,1
1065,User,,System,"10-07-2026 16:12",,NULL,1
1066,User,,System,"10-07-2026 16:12",,NULL,1
1067,User,,System,"10-07-2026 16:12",,NULL,1
1068,User,,System,"10-07-2026 16:12",,NULL,1
1069,User,,System,"10-07-2026 16:12",,NULL,1
1070,User,,System,"10-07-2026 16:12",,NULL,1
1071,User,,System,"10-07-2026 16:12",,NULL,1
1072,User,,System,"10-07-2026 16:12",,NULL,1
1073,User,,System,"10-07-2026 16:12",,NULL,1
1074,User,,System,"10-07-2026 16:12",,NULL,1
1075,User,,System,"10-07-2026 16:12",,NULL,1
1076,User,,System,"10-07-2026 16:12",,NULL,1
1077,User,,System,"10-07-2026 16:12",,NULL,1
1078,User,,System,"10-07-2026 16:12",,NULL,1
1079,User,,System,"10-07-2026 16:12",,NULL,1
1080,User,,System,"10-07-2026 16:12",,NULL,1
1081,User,,System,"10-07-2026 16:12",,NULL,1
1082,User,,System,"10-07-2026 16:12",,NULL,1
1083,User,,System,"10-07-2026 16:12",,NULL,1
1084,Hod,HO,System,"10-07-2026 16:12",,NULL,1
1085,User,,System,"10-07-2026 16:12",,NULL,1
1086,User,,System,"10-07-2026 16:12",,NULL,1
1087,User,,System,"10-07-2026 16:12",,NULL,1
1088,User,,System,"10-07-2026 16:12",,NULL,1
1089,User,,System,"10-07-2026 16:12",,NULL,1
1090,User,,System,"10-07-2026 16:12",,NULL,1
1091,User,,System,"10-07-2026 16:12",,NULL,1
1092,User,,System,"10-07-2026 16:12",,NULL,1
1093,User,,System,"10-07-2026 16:12",,NULL,1
1094,User,,System,"10-07-2026 16:12",,NULL,1
1095,User,,System,"10-07-2026 16:12",,NULL,1
1096,User,,System,"10-07-2026 16:12",,NULL,1
1097,Hod,HO,System,"10-07-2026 16:12",,NULL,1
1098,User,,System,"10-07-2026 16:12",,NULL,1
1099,User,,System,"10-07-2026 16:12",,NULL,1
1100,User,,System,"10-07-2026 16:12",,NULL,1
1101,User,,System,"10-07-2026 16:12",,NULL,1
1102,User,,System,"10-07-2026 16:12",,NULL,1
1103,User,,System,"10-07-2026 16:12",,NULL,1
1104,User,,System,"10-07-2026 16:12",,NULL,1
1105,User,,System,"10-07-2026 16:12",,NULL,1
1106,User,,System,"10-07-2026 16:12",,NULL,1
1107,User,,System,"10-07-2026 16:12",,NULL,1
1108,User,,System,"10-07-2026 16:12",,NULL,1
1109,User,,System,"10-07-2026 16:12",,NULL,1
1110,User,,System,"10-07-2026 16:12",,NULL,1
1111,User,,System,"10-07-2026 16:12",,NULL,1
1112,User,,System,"10-07-2026 16:12",,NULL,1
1114,User,,System,"10-07-2026 16:12",,NULL,1
1115,User,,System,"10-07-2026 16:12",,NULL,1
1116,User,,System,"10-07-2026 16:12",,NULL,1
1117,User,,System,"10-07-2026 16:12",,NULL,1
1118,User,,System,"10-07-2026 16:12",,NULL,1
1119,User,,System,"10-07-2026 16:12",,NULL,1
1120,User,,System,"10-07-2026 16:12",,NULL,1
1121,User,,System,"10-07-2026 16:12",,NULL,1
1122,User,,System,"10-07-2026 16:12",,NULL,1
1123,User,,System,"10-07-2026 16:12",,NULL,1
1124,User,,System,"10-07-2026 16:12",,NULL,1
1125,User,,System,"10-07-2026 16:12",,NULL,1
1126,User,,System,"10-07-2026 16:12",,NULL,1
1127,User,,System,"10-07-2026 16:12",,NULL,1
1128,User,,System,"10-07-2026 16:12",,NULL,1
1129,User,,System,"10-07-2026 16:12",,NULL,1
1130,User,,System,"10-07-2026 16:12",,NULL,1
1131,User,,System,"10-07-2026 16:12",,NULL,1
1132,User,,System,"10-07-2026 16:12",,NULL,1
1133,User,,System,"10-07-2026 16:12",,NULL,1
1134,User,,System,"10-07-2026 16:12",,NULL,1
1135,User,,System,"10-07-2026 16:12",,NULL,1
1136,User,,System,"10-07-2026 16:12",,NULL,1
1137,User,,System,"10-07-2026 16:12",,NULL,1
1138,User,,System,"10-07-2026 16:12",,NULL,1
1139,User,,System,"10-07-2026 16:12",,NULL,1
1140,User,,System,"10-07-2026 16:12",,NULL,1
1141,User,,System,"10-07-2026 16:12",,NULL,1
1142,User,,System,"10-07-2026 16:12",,NULL,1
1143,User,,System,"10-07-2026 16:12",,NULL,1
1144,User,,System,"10-07-2026 16:12",,NULL,1
1146,User,,System,"10-07-2026 16:12",,NULL,1
1147,User,,System,"10-07-2026 16:12",,NULL,1
1148,User,,System,"10-07-2026 16:12",,NULL,1
1149,User,,System,"10-07-2026 16:12",,NULL,1
1150,User,,System,"10-07-2026 16:12",,NULL,1
1151,User,,System,"10-07-2026 16:12",,NULL,1
1152,User,,System,"10-07-2026 16:12",,NULL,1
1153,Hod,HO,System,"10-07-2026 16:12",,NULL,1
1155,User,,System,"10-07-2026 16:12",,NULL,1
1156,User,,System,"10-07-2026 16:12",,NULL,1
1157,User,,System,"10-07-2026 16:12",,NULL,1
1158,User,,System,"10-07-2026 16:12",,NULL,1
1159,User,,System,"10-07-2026 16:12",,NULL,1
1160,User,,System,"10-07-2026 16:12",,NULL,1
1161,User,,System,"10-07-2026 16:12",,NULL,1
1162,User,,System,"10-07-2026 16:12",,NULL,1
1163,User,,System,"10-07-2026 16:12",,NULL,1
1164,User,,System,"10-07-2026 16:12",,NULL,1
1165,User,,System,"10-07-2026 16:12",,NULL,1
1166,User,,System,"10-07-2026 16:12",,NULL,1
1167,Hod,HO,System,"10-07-2026 16:12",,NULL,1
1168,User,,System,"10-07-2026 16:12",,NULL,1
1169,User,,System,"10-07-2026 16:12",,NULL,1
1170,User,,System,"10-07-2026 16:12",,NULL,1
1171,User,,System,"10-07-2026 16:12",,NULL,1
1172,Hod,HO,System,"10-07-2026 16:12",,NULL,1
1173,User,,System,"10-07-2026 16:12",,NULL,1
1174,User,,System,"10-07-2026 16:12",,NULL,1
1175,User,,System,"10-07-2026 16:12",,NULL,1
1176,User,,System,"10-07-2026 16:12",,NULL,1
1177,User,,System,"10-07-2026 16:12",,NULL,1
1178,User,,System,"10-07-2026 16:12",,NULL,1
1179,User,,System,"10-07-2026 16:12",,NULL,1
1180,User,,System,"10-07-2026 16:12",,NULL,1
1181,User,,System,"10-07-2026 16:12",,NULL,1
